Workbook

Sheet Decision Matrix
A1: Travel Destination Weighted Decision Matrix
A2: Edit the blue weights (row 4) and blue scores (1-10, higher = better; Cost: higher = better value). Totals and ranks update automatically.
A4: Weight (%) | B4: 20 | C4: 20 | D4: 15 | E4: 15 | F4: 15 | G4: 10 | H4: 5 | I4: Weights sum: | J4: =SUM(B4:H4) -> 100 | L4: =IF(J4=100,"OK","Weights should total 100") -> OK
A6: Country | B6: Scenery & nature | C6: Culture & history | D6: Relaxation & luxury | E6: Cost / value | F6: Ease of travel from Nairobi | G6: Safety & health | H6: Microfinance relevance | I6: Weighted Total | J6: Rank | K6: Unique order (tie-break)
A7: India | B7: 8 | C7: 10 | D7: 6 | E7: 9 | F7: 8 | G7: 6 | H7: 9 | I7: =SUMPRODUCT(B7:H7,$B$4:$H$4)/$J$4 -> 8.1 | J7: =RANK(I7,$I$7:$I$19) -> 1 | K7: =J7+COUNTIF($I$7:I7,I7)-1 -> 1
A8: South Africa | B8: 9 | C8: 7 | D8: 8 | E8: 8 | F8: 10 | G8: 5 | H8: 5 | I8: =SUMPRODUCT(B8:H8,$B$4:$H$4)/$J$4 -> 7.85 | J8: =RANK(I8,$I$7:$I$19) -> 2 | K8: =J8+COUNTIF($I$7:I8,I8)-1 -> 2
A9: Egypt | B9: 7 | C9: 10 | D9: 6 | E9: 8 | F9: 9 | G9: 6 | H9: 5 | I9: =SUMPRODUCT(B9:H9,$B$4:$H$4)/$J$4 -> 7.7 | J9: =RANK(I9,$I$7:$I$19) -> 3 | K9: =J9+COUNTIF($I$7:I9,I9)-1 -> 3
A10: Japan | B10: 9 | C10: 10 | D10: 7 | E10: 6 | F10: 5 | G10: 10 | H10: 4 | I10: =SUMPRODUCT(B10:H10,$B$4:$H$4)/$J$4 -> 7.7 | J10: =RANK(I10,$I$7:$I$19) -> 3 | K10: =J10+COUNTIF($I$7:I10,I10)-1 -> 4
A11: Greece | B11: 9 | C11: 9 | D11: 9 | E11: 6 | F11: 6 | G11: 8 | H11: 3 | I11: =SUMPRODUCT(B11:H11,$B$4:$H$4)/$J$4 -> 7.7 | J11: =RANK(I11,$I$7:$I$19) -> 3 | K11: =J11+COUNTIF($I$7:I11,I11)-1 -> 5
A12: Nepal | B12: 10 | C12: 8 | D12: 5 | E12: 9 | F12: 6 | G12: 7 | H12: 7 | I12: =SUMPRODUCT(B12:H12,$B$4:$H$4)/$J$4 -> 7.65 | J12: =RANK(I12,$I$7:$I$19) -> 6 | K12: =J12+COUNTIF($I$7:I12,I12)-1 -> 6
A13: Italy | B13: 8 | C13: 10 | D13: 8 | E13: 5 | F13: 6 | G13: 8 | H13: 5 | I13: =SUMPRODUCT(B13:H13,$B$4:$H$4)/$J$4 -> 7.5 | J13: =RANK(I13,$I$7:$I$19) -> 7 | K13: =J13+COUNTIF($I$7:I13,I13)-1 -> 7
A14: Morocco | B14: 8 | C14: 9 | D14: 7 | E14: 8 | F14: 5 | G14: 7 | H14: 6 | I14: =SUMPRODUCT(B14:H14,$B$4:$H$4)/$J$4 -> 7.4 | J14: =RANK(I14,$I$7:$I$19) -> 8 | K14: =J14+COUNTIF($I$7:I14,I14)-1 -> 8
A15: Spain | B15: 8 | C15: 9 | D15: 8 | E15: 6 | F15: 6 | G15: 8 | H15: 3 | I15: =SUMPRODUCT(B15:H15,$B$4:$H$4)/$J$4 -> 7.35 | J15: =RANK(I15,$I$7:$I$19) -> 9 | K15: =J15+COUNTIF($I$7:I15,I15)-1 -> 9
A16: France | B16: 8 | C16: 9 | D16: 8 | E16: 4 | F16: 7 | G16: 7 | H16: 6 | I16: =SUMPRODUCT(B16:H16,$B$4:$H$4)/$J$4 -> 7.25 | J16: =RANK(I16,$I$7:$I$19) -> 10 | K16: =J16+COUNTIF($I$7:I16,I16)-1 -> 10
A17: Switzerland | B17: 10 | C17: 6 | D17: 9 | E17: 2 | F17: 6 | G17: 10 | H17: 8 | I17: =SUMPRODUCT(B17:H17,$B$4:$H$4)/$J$4 -> 7.15 | J17: =RANK(I17,$I$7:$I$19) -> 11 | K17: =J17+COUNTIF($I$7:I17,I17)-1 -> 11
A18: Scotland | B18: 9 | C18: 7 | D18: 6 | E18: 5 | F18: 5 | G18: 9 | H18: 3 | I18: =SUMPRODUCT(B18:H18,$B$4:$H$4)/$J$4 -> 6.65 | J18: =RANK(I18,$I$7:$I$19) -> 12 | K18: =J18+COUNTIF($I$7:I18,I18)-1 -> 12
A19: Bahamas | B19: 8 | C19: 4 | D19: 10 | E19: 3 | F19: 3 | G19: 6 | H19: 2 | I19: =SUMPRODUCT(B19:H19,$B$4:$H$4)/$J$4 -> 5.5 | J19: =RANK(I19,$I$7:$I$19) -> 13 | K19: =J19+COUNTIF($I$7:I19,I19)-1 -> 13
A21: Notes & assumptions
A22: Scores are my subjective judgment for a male microfinance CEO travelling from Nairobi; not hard data.
A23: Initial weights are assumptions; adjust to your priorities.
A24: Check current visa rules for Kenyan passport holders before deciding.

Sheet Top 5
A1: Top 5 (live)
A3: Rank | B3: Country | C3: Score
A4: 1 | B4: =INDEX('Decision Matrix'!$A$7:$A$19,MATCH(A4,'Decision Matrix'!$K$7:$K$19,0)) -> India | C4: =INDEX('Decision Matrix'!$I$7:$I$19,MATCH(A4,'Decision Matrix'!$K$7:$K$19,0)) -> 8.1
A5: 2 | B5: =INDEX('Decision Matrix'!$A$7:$A$19,MATCH(A5,'Decision Matrix'!$K$7:$K$19,0)) -> South Africa | C5: =INDEX('Decision Matrix'!$I$7:$I$19,MATCH(A5,'Decision Matrix'!$K$7:$K$19,0)) -> 7.85
A6: 3 | B6: =INDEX('Decision Matrix'!$A$7:$A$19,MATCH(A6,'Decision Matrix'!$K$7:$K$19,0)) -> Egypt | C6: =INDEX('Decision Matrix'!$I$7:$I$19,MATCH(A6,'Decision Matrix'!$K$7:$K$19,0)) -> 7.7
A7: 4 | B7: =INDEX('Decision Matrix'!$A$7:$A$19,MATCH(A7,'Decision Matrix'!$K$7:$K$19,0)) -> Japan | C7: =INDEX('Decision Matrix'!$I$7:$I$19,MATCH(A7,'Decision Matrix'!$K$7:$K$19,0)) -> 7.7
A8: 5 | B8: =INDEX('Decision Matrix'!$A$7:$A$19,MATCH(A8,'Decision Matrix'!$K$7:$K$19,0)) -> Greece | C8: =INDEX('Decision Matrix'!$I$7:$I$19,MATCH(A8,'Decision Matrix'!$K$7:$K$19,0)) -> 7.7
A10: Ties are broken by list order (column K on the main sheet).
